"Symbol","Name","Index Country","Country of incorporation","Cross-list symbol","Cross-list exchange","Foreign filer?","GICS Sector","Market cap","Average Volume","Action"
"AAGFF","Aftermath Silver Ltd.","Canada","","CV:AAG","TSX Venture Exchange","No","Unknown","$50,538,208","237,981","Analyze"
"AASZF","Atlantic Sapphire ASA","Norway","","NO:ASA","Oslo Bors Asa","No","Consumer Staples","$808,382,360","2,925","Analyze"
"AAU","Almaden Minerals Ltd.","Canada","","CT:AMM","Toronto Stock Exchange","Yes","Materials","$59,663,868","555,358","Analyze"
"AAUKF","Anglo American plc","United Kingdom","","LN:AAL","London Stock Exchange","No","Materials","$62,567,119,872","4,013","Analyze"
"ABEPF","Vision Lithium Inc.","Canada","","CV:VLI","TSX Venture Exchange","No","Materials","$19,845,137","1,656,805","Analyze"
"ABST","Absolute Software Corporation","Canada","","CT:ABT","Toronto Stock Exchange","Yes","Information Technology","$691,604,421","50,281","Analyze"
"ACB","Aurora Cannabis Inc.","Canada","","CT:ACB","Toronto Stock Exchange","Yes","Health Care","$1,402,240,778","4,859,983","Analyze"
"ACDVF","Air Canada","Canada","","CT:AC","Toronto Stock Exchange","No","Industrials","$7,075,908,875","195,346","Analyze"
"ACGBF","Agricultural Bank Of China","China","","CG:601288","Shanghai Stock Exchange","No","Financials","$10,322,096,763","6,600","Analyze"
"ACNNF","AusCann Group Holdings Ltd","Australia","","AT:AC8","Asx - All Markets","No","Unknown","$33,217,252","27,758","Analyze"
"ACST","Acasti Pharma Inc.","Canada","","CV:ACST","TSX Venture Exchange","No","Health Care","$101,124,654","7,812,239","Analyze"
"ACUIF","AcuityAds Holdings Inc","Canada","","CT:AT","Toronto Stock Exchange","No","Communication Services","$629,427,928","2,600","Analyze"
"ADDDF","adidas AG","Germany","","GF:ADS","Frankfurt Stock Exchange","No","Consumer Discretionary","$77,500,939,126","423","Analyze"
"ADVZF","Adventus Mining Corp.","Canada","","CV:ADZN","TSX Venture Exchange","No","Materials","$104,362,312","13,860","Analyze"
"AEM","Agnico Eagle Mines Limited","Canada","Canada","CT:AEM","Toronto Stock Exchange","Yes","Materials","$15,635,585,530","1,059,232","Analyze"
"AEZS","Aeterna Zentaris Inc.","Canada","Canada","CT:AEZS","Toronto Stock Exchange","Yes","Health Care","$87,788,033","1,244,388","Analyze"
"AFTPF","Afterpay Ltd","Australia","","AT:APT","Asx - All Markets","No","Information Technology","$27,659,036,228","896","Analyze"
"AG","First Majestic Silver Corp","Canada","Canada","CT:FR","Toronto Stock Exchange","Yes","Materials","$3,409,849,190","3,667,341","Analyze"
"AGI","Alamos Gold Inc Class A","Canada","Canada","CT:AGI","Toronto Stock Exchange","Yes","Materials","$3,171,059,686","2,791,346","Analyze"
"AHODF","Royal Ahold Delhaize N.V.","The Netherlands","","NA:AD","Nyse Euronext - Euronext Amsterdam","No","Consumer Staples","$32,558,646,598","322","Analyze"
"AKOM","Aerkomm Inc.","France","","FP:AKOM","Euronext Paris","No","Unknown","$25,152,703","0","Analyze"
"AKU","Akumin Inc.","Canada","Canada","CT:AKU","Toronto Stock Exchange","Yes","Health Care","$224,133,295","45,623","Analyze"
"AKZOF","Akzo Nobel N.V.","The Netherlands","","NA:AKZA","Nyse Euronext - Euronext Amsterdam","No","Materials","$22,694,935,194","0","Analyze"
"ALBHF","Alibaba Health Info Tech","China","","HK:0241","Hong Kong Exchange","No","Health Care","$20,368,779,987","0","Analyze"
"ALC","Alcon Inc.","Switzerland","","SE:ALC","Six Swiss Exchange","Yes","Health Care","$36,277,626,000","649,247","Analyze"
"ALEAF","Aleafia Health Inc.","Canada","","CT:ALEF","Toronto Stock Exchange","No","Unknown","$94,607,701","560,812","Analyze"
"ALKEF","Alkane Resources Ltd","Australia","","AT:ALK","Asx - All Markets","No","Materials","$498,995,353","7,850","Analyze"
"ALMTF","Almonty Industries Inc.","Canada","","CT:ALL","Toronto Stock Exchange","No","Materials","$151,825,583","0","Analyze"
"ALVOF","Alvopetro Energy Ltd.","Canada","","CV:ALV","TSX Venture Exchange","No","Energy","$80,960,747","124,000","Analyze"
"ALYA","Alithya Group Inc. - Class A Subordinate Voting Shares","Canada","Canada","CT:ALYA","Toronto Stock Exchange","Yes","Information Technology","$238,856,274","104,333","Analyze"
"AMBFF","AMBU B","Denmark","Denmark","DC:AMBUB","Omx Nordic Exchange Copenhagen A/S","Yes","Health Care","$8,279,533,489","0","Analyze"
"AMSYF","ArcelorMittal","Luxembourg","","NA:MT","Nyse Euronext - Euronext Amsterdam","No","Materials","$37,561,700,834","0","Analyze"
"AMXEF","Amex Exploration Inc.","Canada","","CV:AMX","TSX Venture Exchange","No","Materials","$170,495,672","175,106","Analyze"
"ANXGF","Anaconda Mining Inc.","Canada","","CT:ANX","Toronto Stock Exchange","No","Materials","$114,577,888","90,648","Analyze"
"AOTVF","Ascot Resources Ltd.","Canada","","CT:AOT","Toronto Stock Exchange","No","Materials","$375,675,547","89,253","Analyze"
"AQN","Algonquin Power & Utilities Corp.","Canada","","CT:AQN","Toronto Stock Exchange","Yes","Utilities","$9,890,860,219","1,960,180","Analyze"
"ARBKF","Argo Blockchain PLC","United Kingdom","","LN:ARB","London Stock Exchange","No","Communication Services","$714,026,466","0","Analyze"
"ARESF","Artis Real Estate Investment Trust","Canada","","CT:AX-UN","Toronto Stock Exchange","No","Real Estate","$1,227,002,792","1,400","Analyze"
"ARREF","Amerigo Resources Ltd","Canada","","CT:ARG","Toronto Stock Exchange","No","Materials","$189,061,993","8,915","Analyze"
"ASCJF","American Shipping Company ASA","Norway","","NO:AMSC","Oslo Bors Asa","No","Unknown","$215,188,593","728","Analyze"
"ASDRF","Ascendant Resources Inc.","Canada","","CT:ASND","Toronto Stock Exchange","No","Unknown","$13,642,063","124,000","Analyze"
"ASM","Avino Silver & Gold Mines Ltd.","Canada","","CT:ASM","Toronto Stock Exchange","Yes","Materials","$104,902,766","531,096","Analyze"
"ATBPF","Antibe Therapeutics Inc.","Canada","","CV:ATE","TSX Venture Exchange","No","Health Care","$133,417,961","0","Analyze"
"ATUSF","Altius Minerals Corporation","Canada","","CT:ALS","Toronto Stock Exchange","No","Materials","$575,192,866","17,002","Analyze"
"AUPH","Aurinia Pharmaceuticals Inc","Canada","Canada","CT:AUP","Toronto Stock Exchange","Yes","Health Care","$1,728,485,496","3,842,331","Analyze"
"AUXXF","Allegiant Gold Ltd.","Canada","","CV:AUAU","TSX Venture Exchange","No","Materials","$21,549,167","42,196","Analyze"
"AUY","Yamana Gold Inc.","Canada","Canada","CT:YRI","Toronto Stock Exchange","Yes","Materials","$4,339,119,023","14,354,004","Analyze"
"AVCNF","Avicanna Inc","Canada","","CT:AVCN","Toronto Stock Exchange","No","Unknown","$33,017,259","105","Analyze"
"AVLNF","Avalon Advanced Materials Inc.","Canada","","CT:AVL","Toronto Stock Exchange","No","Materials","$39,824,941","36,700","Analyze"
"AWCMF","Alumina Limited","Australia","","AT:AWC","Asx - All Markets","No","Materials","$3,699,643,807","0","Analyze"
"AXAHF","AXA SA","France","","FP:CS","Euronext Paris","No","Financials","$65,533,791,325","3,411","Analyze"
"AXDDF","Azucar Minerals Ltd.","Canada","","CV:AMZ","TSX Venture Exchange","No","Materials","$6,460,040","76,549","Analyze"
"AXNVF","Axion Ventures Inc","Canada","","CV:AXV","TSX Venture Exchange","No","Unknown","$28,148,285","1,550","Analyze"
"AXU","Alexco Resource Corp","Canada","","CT:AXU","Toronto Stock Exchange","Yes","Materials","$328,598,644","679,045","Analyze"
"AYRWF","Ayr Strategies Inc.","Canada","","CF:AYR","Canadian Securities Exchange","No","Consumer Discretionary","$1,451,183,253","0","Analyze"
"BABYF","Else Nutrition Holdings Inc","Canada","","CV:BABY","TSX Venture Exchange","No","Consumer Staples","$217,242,161","121,649","Analyze"
"BAM","Brookfield Asset Management Inc.","Canada","Canada","CT:BAM-A","Toronto Stock Exchange","Yes","Financials","$85,356,432,647","3,557,350","Analyze"
"BAP","Credicorp Ltd","Peru","Bermuda","PE:BAP","Bolsa De Valores De Lima","Yes","Financials","$9,814,817,145","538,762","Analyze"
"BAYZF","Beyer AG","Germany","Germany","GF:BAYN","Frankfurt Stock Exchange","Yes","Health Care","$58,994,566,124","853","Analyze"
"BB","Blackberry Limited","Canada","Canada","CT:BB","Toronto Stock Exchange","No","Information Technology","$5,719,102,184","8,449,989","Analyze"
"BBKCF","BIGG Digital Assets Inc.","Canada","","CF:BIGG","Canadian Securities Exchange","No","Financials","$237,365,592","17,316,515","Analyze"
"BBRYF","Burberry Group Plc","United Kingdom","","LN:BRBY","London Stock Exchange","No","Consumer Discretionary","$11,923,536,090","61,643","Analyze"
"BBSRF","Bluestone Resources Inc.","Canada","","CV:BSR","TSX Venture Exchange","No","Unknown","$184,694,934","35,545","Analyze"
"BCE","BCE, Inc.","Canada","","CT:BCE","Toronto Stock Exchange","Yes","Communication Services","$45,033,083,392","932,724","Analyze"
"BCEKF","Bear Creek Mining Corporation","Canada","","CV:BCM","TSX Venture Exchange","No","Materials","$146,642,296","35,104","Analyze"
"BDRAF","Bombardier Inc. Class A","Canada","","CT:BBD-A","Toronto Stock Exchange","No","Unknown","$404,444,067","53,379","Analyze"
"BDRBF","Bombardier Inc. Class B","Canada","","CT:BBD-B","Toronto Stock Exchange","No","Industrials","$2,490,104,072","450,659","Analyze"
"BFARF","Bitfarms Ltd","Canada","","CV:BITF","TSX Venture Exchange","No","Financials","$682,240,031","1,265,158","Analyze"
"BFFAF","BASF SE","Germany","","GF:BAS","Frankfurt Stock Exchange","No","Materials","$74,038,475,675","111","Analyze"
"BHC","Bausch Health Companies Inc.","Canada","Canada","CT:BHC","Toronto Stock Exchange","No","Health Care","$10,626,430,489","2,346,627","Analyze"
"BHNGF","Bhang Inc.","Canada","","CF:BHNG","Canadian Securities Exchange","No","Unknown","$6,205,319","6,716","Analyze"
"BILZF","Ignite International Brands Ltd","Canada","","CF:BILZ","Canadian Securities Exchange","No","Unknown","$95,460,674","36,657","Analyze"
"BIPC","Brookfield Infrastructure Partners LP Class A Subordinate Voting Shares","Canada","Canada","CT:BIPC","Toronto Stock Exchange","Yes","Utilities","$2,976,094,080","202,283","Analyze"
"BKLLF","Codebase Ventures Inc.","Canada","","CF:CODE","Canadian Securities Exchange","No","Financials","$4,889,039","459,991","Analyze"
"BLDP","Ballard Power Systems","Canada","","CT:BLDP","Toronto Stock Exchange","Yes","Industrials","$4,713,680,252","2,606,128","Analyze"
"BLEVF","Beleave Inc.","Canada","","CF:BE","Canadian Securities Exchange","No","Unknown","$1,631,553","10,210","Analyze"
"BLU","BELLUS Health Inc.","Canada","","CT:BLU","Toronto Stock Exchange","Yes","Health Care","$228,745,094","406,211","Analyze"
"BMO","Bank Of Montreal","Canada","","CT:BMO","Toronto Stock Exchange","Yes","Financials","$63,529,850,890","836,818","Analyze"
"BNIGF","Beroni Group Ltd.","Australia","","AO:BTG","National Stock Exchange of Australia","No","Unknown","$18,930,587","550","Analyze"
"BNOEF","Bionomics Ltd","Australia","","AT:BNO","Asx - All Markets","No","Health Care","$141,063,544","203,220","Analyze"
"BNPQF","BNP Paribas SA Class A","France","","FP:BNP","Euronext Paris","No","Financials","$75,237,873,372","1,024","Analyze"
"BNS","The Bank Of Nova Scotia","Canada","","CT:BNS","Toronto Stock Exchange","Yes","Financials","$75,277,608,589","1,058,509","Analyze"
"BONXF","BonTerra Resources Inc.","Canada","","CV:BTR","TSX Venture Exchange","No","Materials","$100,568,220","39,831","Analyze"
"BPRMF","Blue Prism Group PLC","United Kingdom","United Kingdom","LN:PRSM","London Stock Exchange","Yes","Information Technology","$1,161,427,416","3,624","Analyze"
"BRGGF","Bragg Gaming Group Inc.","Canada","","CV:BRAG","TSX Venture Exchange","No","Unknown","$143,722,652","49,331","Analyze"
"BRPHF","Galaxy Digital Holdings Ltd","Canada","","CT:GLXY","Toronto Stock Exchange","No","Communication Services","$1,591,182,130","580,896","Analyze"
"BTG","B2Gold Corp","Canada","Canada","CT:BTO","Toronto Stock Exchange","Yes","Materials","$4,384,768,906","8,744,200","Analyze"
"BTGOF","BT Group PLC","United Kingdom","United Kingdom","LN:BT-A","London Stock Exchange","Yes","Communication Services","$23,308,132,859","21,555","Analyze"
"BUR","Burford Capital Limited","United Kingdom","","LN:BUR","London Stock Exchange","Yes","Financials","$2,354,786,178","107,374","Analyze"
"BUROF","Burcon NutraScience Corporation","Canada","","CT:BU","Toronto Stock Exchange","No","Materials","$447,821,587","38,655","Analyze"
"BYDDF","BYD Company Limited","China","","HK:1211","Hong Kong Exchange","No","Communication Services","$34,584,000,000","57,673","Analyze"
"CAE","CAE Inc.","Canada","","CT:CAE","Toronto Stock Exchange","No","Industrials","$9,551,352,485","347,748","Analyze"
"CANSF","Willow Biosciences Inc.","Canada","","CT:WLLW","Toronto Stock Exchange","No","Materials","$89,719,347","29,690","Analyze"
"CBWTF","Auxly Cannabis Group Inc.","Canada","","CV:XLY","TSX Venture Exchange","No","Health Care","$168,973,066","1,195,834","Analyze"
"CCHWF","Columbia Care Inc.","Canada","","CF:CCHW","Canadian Securities Exchange","No","Consumer Discretionary","$1,807,489,923","367,825","Analyze"
"CCJ","Cameco Corporation","Canada","Canada","CT:CCO","Toronto Stock Exchange","Yes","Energy","$6,932,830,781","3,673,025","Analyze"
"CFGMF","California Gold Mining Inc.","Canada","","CF:CGM","Canadian Securities Exchange","No","Materials","$6,784,282","3,175","Analyze"
"CGC","Canopy Growth Corporation","Canada","","CT:WEED","Toronto Stock Exchange","No","Health Care","$7,390,639,099","3,102,274","Analyze"
"CGMLF","Chalice Gold Mines Limited","Australia","","AT:CHN","Asx - All Markets","No","Materials","$1,838,344,183","22,000","Analyze"
"CHPGF","Chesapeake Gold Corp.","Canada","","CV:CKG","TSX Venture Exchange","No","Materials","$218,672,847","10,442","Analyze"
"CHXMF","Troilus Gold Corp.","Canada","","CT:TLG","Toronto Stock Exchange","No","Materials","$138,134,297","146,819","Analyze"
"CIGI","Colliers International Group Inc.","Canada","","CT:CIGI","Toronto Stock Exchange","Yes","Real Estate","$5,470,500,392","54,720","Analyze"
"CIXX","CI Financial Corp.","Canada","","CT:CIX","Toronto Stock Exchange","Yes","Financials","$3,739,748,710","25,328","Analyze"
"CKHUF","CK Hutchison Holdings Limited","China","","HK:0001","Hong Kong Exchange","No","Industrials","$27,861,641,320","900","Analyze"
"CLABF","Core One Labs Inc.","Canada","","CF:COOL","Canadian Securities Exchange","No","Unknown","$35,791,463","281,596","Analyze"
"CLS","Celestica","Canada","Canada","CT:CLS","Toronto Stock Exchange","Yes","Information Technology","$965,120,969","477,221","Analyze"
"CM","Canadian Imperial Bank Of Commerce","Canada","Canada","CT:CM","Toronto Stock Exchange","Yes","Financials","$51,846,287,733","279,594","Analyze"
"CMCL","Caledonia Mining Corporation Plc","Jersey","Jersey","CT:CAL","Toronto Stock Exchange","Yes","Materials","$154,151,429","55,043","Analyze"
"CNHI","CNH Industrial N.V.","The Netherlands","The Netherlands","IM:CNHI","Borsa Italiana S.P.A.","Yes","Industrials","$22,556,148,447","2,654,398","Analyze"
"CNI","Canadian National Railway Company","Canada","","CT:CNR","Toronto Stock Exchange","Yes","Industrials","$75,972,658,752","1,679,889","Analyze"
"CNNEF","Canacol Energy Ltd.","Canada","","CT:CNE","Toronto Stock Exchange","No","Energy","$449,858,107","29,303","Analyze"
"CNQ","Canadian Natural Resources Limited","Canada","Canada","CT:CNQ","Toronto Stock Exchange","Yes","Energy","$38,554,582,723","2,778,234","Analyze"
"CNSNF","Constantine Metal Resources Ltd.","Canada","","CV:CEM","TSX Venture Exchange","No","Unknown","$19,478,367","5,700","Analyze"
"CP","Canadian Pacific Railway Limited","Canada","","CT:CP","Toronto Stock Exchange","No","Industrials","$49,013,131,094","2,454,730","Analyze"
"CPG","Crescent Point Energy Corporation","Canada","Canada","CT:CPG","Toronto Stock Exchange","Yes","Energy","$2,082,407,387","4,148,320","Analyze"
"CPMMF","Crystal Peak Minerals Inc.","Canada","","CV:CPM","TSX Venture Exchange","No","Materials","$2,815,846","0","Analyze"
"CRECF","Critical Elements Lithium Corporation","Canada","","CV:CRE","TSX Venture Exchange","No","Materials","$177,953,077","59,489","Analyze"
"CRHCF","CRH plc","Ireland","","LN:CRH","London Stock Exchange","No","Materials","$38,864,865,198","0","Analyze"
"CRLBF","Cresco Labs Inc.","Canada","","CF:CL","Canadian Securities Exchange","No","Consumer Discretionary","$2,402,716,781","374,824","Analyze"
"CRON","Cronos Group Inc.","Canada","","CT:CRON","Toronto Stock Exchange","No","Health Care","$2,725,334,660","1,463,941","Analyze"
"CRPOF","Ceapro Inc.","Canada","","CV:CZO","TSX Venture Exchange","No","Materials","$42,375,991","1,126","Analyze"
"CRSXF","Corsa Coal Corp.","Canada","","CV:CSO","TSX Venture Exchange","No","Materials","$36,146,277","122,550","Analyze"
"CRTPF","Cardiol Therapeutics Inc. Class A","Canada","","CT:CRDL","Toronto Stock Exchange","No","Unknown","$96,651,310","19,741","Analyze"
"CSGKF","Credit Suisse Group AG","Switzerland","","VX:CSGN","Six Swiss - Blue Chips Segment","No","Financials","$27,117,149,176","0","Analyze"
"CTARF","Centaurus Energy Inc.","Canada","","CV:CTA","TSX Venture Exchange","No","Energy","$7,562,423","37,409","Analyze"
"CTEQF","Clean Teq Holdings Limited","Australia","","AT:CLQ","Asx - All Markets","No","Industrials","$168,769,764","25,669","Analyze"
"CTSDF","Converge Technology Solutions Corp.","Canada","","CT:CTS","Toronto Stock Exchange","No","Information Technology","$1,598,783,697","94,580","Analyze"
"CTVEF","Certive Solutions Inc.","Canada","","CF:CBP","Canadian Securities Exchange","No","Health Care","$8,220,892","1,000","Analyze"
"CUKPF","Carnival PLC","United Kingdom","United Kingdom","LN:CCL","London Stock Exchange","Yes","Consumer Discretionary","$180,235,360","2,429","Analyze"
"CURLF","Curaleaf Holdings Inc.","Canada","","CF:CURA","Canadian Securities Exchange","No","Consumer Discretionary","$7,519,785,819","305,473","Analyze"
"CVALF","Covalon Technologies Ltd.","Canada","","CV:COV","TSX Venture Exchange","No","Health Care","$40,535,323","600","Analyze"
"CVE","Cenovus Energy Inc","Canada","Canada","CT:CVE","Toronto Stock Exchange","Yes","Energy","$16,442,740,877","8,864,882","Analyze"
"CWBHF","Charlottes Web Holdings Inc.","Canada","","CT:CWEB","Toronto Stock Exchange","No","Health Care","$351,934,477","553,624","Analyze"
"CXBMF","Calibre Mining Corp.","Canada","","CT:CXB","Toronto Stock Exchange","No","Materials","$428,212,070","68,307","Analyze"
"CXXIF","C21 Investments Inc","Canada","","CF:CXXI","Canadian Securities Exchange","No","Consumer Discretionary","$94,998,251","62,810","Analyze"
"DB","Deutsche Bank AG","Germany","Germany","GF:DBK","Frankfurt Stock Exchange","Yes","Financials","$25,627,986,824","3,548,611","Analyze"
"DDAIF","Daimler AG","Germany","","GF:DAI","Frankfurt Stock Exchange","No","Consumer Discretionary","$96,788,193,830","0","Analyze"
"DFLYF","Draganfly Inc","Canada","","CF:DFLY","Canadian Securities Exchange","No","Communication Services","$78,727,793","294,559","Analyze"
"DGEAF","Diageo PLC","United Kingdom","United Kingdom","LN:DGE","London Stock Exchange","Yes","Consumer Staples","$116,169,359,210","7,679","Analyze"
"DGOCF","Diversified Gas & Oil PLC","United Kingdom","","LN:DGOC","London Stock Exchange","No","Energy","$1,224,327,776","0","Analyze"
"DLAKF","Deutsche Lufthansa AG","Germany","","GF:LHA","Frankfurt Stock Exchange","No","Industrials","$7,005,545,874","395","Analyze"
"DMGGF","DMG Blockchain Solutions Inc.","Canada","","CV:DMGI","TSX Venture Exchange","No","Information Technology","$113,160,144","6,798,328","Analyze"
"DNN","Denison Mines Corp","Canada","","CT:DML","Toronto Stock Exchange","Yes","Materials","$877,077,419","7,273,167","Analyze"
"DOOO","BRP Inc.","Canada","","CT:DOO","Toronto Stock Exchange","Yes","Consumer Discretionary","$3,072,954,198","68,079","Analyze"
"DPSTF","Deutsche Post AG","Germany","","GF:DPW","Frankfurt Stock Exchange","No","Industrials","$83,376,307,632","0","Analyze"
"DRTT","DIRTT Environmental Solutions Ltd.","Canada","","CT:DRT","Toronto Stock Exchange","No","Industrials","$413,318,818","138,593","Analyze"
"DSGX","The Descartes Systems Group Inc.","Canada","Canada","CT:DSG","Toronto Stock Exchange","Yes","Information Technology","$6,146,009,866","45,703","Analyze"
"DSVMF","Discovery Metals Corp","Canada","","CV:DSV","TSX Venture Exchange","No","Unknown","$568,109,474","150,072","Analyze"
"DTEGF","Deutsche Telekom AG","Germany","","GF:DTE","Frankfurt Stock Exchange","No","Communication Services","$98,086,047,078","739","Analyze"
"DYFSF","DynaCERT Inc.","Canada","","CV:DYA","TSX Venture Exchange","No","Industrials","$108,544,166","31,486","Analyze"
"DYLLF","Deep Yellow Limited","Australia","","AT:DYL","Asx - All Markets","No","Unknown","$175,183,185","384,429","Analyze"
"EDVMF","Endeavour Mining Corporation","Canada","","CT:EDV","Toronto Stock Exchange","No","Materials","$6,000,976,608","39,608","Analyze"
"EEVVF","Eve & Co. Inc.","Canada","","CV:EVE","TSX Venture Exchange","No","Unknown","$7,916,346","1,809,368","Analyze"
"EFLVF","Electrovaya Inc.","Canada","","CT:EFL","Toronto Stock Exchange","No","Industrials","$122,316,869","215,682","Analyze"
"EGO","Eldorado Gold Corporation","Canada","Canada","CT:ELD","Toronto Stock Exchange","Yes","Materials","$1,688,924,196","1,537,051","Analyze"
"ELLXF","Elixinol Global Ltd.","Australia","","AT:EXL","Asx - All Markets","No","Unknown","$26,780,368","118,677","Analyze"
"ELRRF","Eloro Resources Ltd","Canada","","CV:ELO","TSX Venture Exchange","No","Materials","$239,562,949","75,029","Analyze"
"ELYGF","Ely Gold Royalties Inc.","Canada","","CV:ELY","TSX Venture Exchange","No","Unknown","$170,065,653","345,488","Analyze"
"EMHTF","Emerald Health Therapeutics Inc.","Canada","","CV:EMH","TSX Venture Exchange","No","Health Care","$29,971,754","180,172","Analyze"
"EMX","Emx Royalty Corporation","Canada","","CV:EMX","TSX Venture Exchange","Yes","Materials","$265,016,733","147,107","Analyze"
"ENB","Enbridge Inc","Canada","Canada","CT:ENB","Toronto Stock Exchange","No","Energy","$79,146,255,469","3,058,393","Analyze"
"ENCUF","enCore Energy Corp.","Canada","","CV:EU","TSX Venture Exchange","No","Materials","$208,257,094","346,250","Analyze"
"ENGMF","Enthusiast Gaming Holdings Inc","Canada","","CT:EGLX","Toronto Stock Exchange","No","Unknown","$916,098,255","59,091","Analyze"
"EPGNF","Epigenomics AG","Germany","","GF:ECX","Frankfurt Stock Exchange","No","Unknown","$17,971,305","8,000","Analyze"
"EPWCF","Empower Clinics Inc","Canada","","CF:CBDT","Canadian Securities Exchange","No","Communication Services","$133,205,729","80,625","Analyze"
"EQX","Equinox Gold Corp.","Canada","Canada","CT:EQX","Toronto Stock Exchange","Yes","Materials","$2,056,245,786","1,561,100","Analyze"
"ERF","Enerplus Corporation","Canada","Canada","CT:ERF","Toronto Stock Exchange","Yes","Energy","$1,563,608,109","1,564,574","Analyze"
"ERIXF","Telefonaktiebolaget LM Ericsson Class B","Sweden","","SS:ERIC-B","Nasdaq Omx Nordic","No","Information Technology","$2,963,077,920","0","Analyze"
"ERO","Ero Copper Corp.","Canada","","CT:ERO","Toronto Stock Exchange","Yes","Materials","$1,794,823,767","8,005","Analyze"
"ESLOF","Essilor International","France","France","FP:EI","Euronext Paris","Yes","Health Care","$85,418,888,011","0","Analyze"
"ESLT","Elbit Systems Ltd.","Israel","","IT:ESLT","Tel Aviv Stock Exchange","Yes","Industrials","$5,828,675,627","67,649","Analyze"
"ESOCF","Enel SpA","Italy","","IM:ENEL","Borsa Italiana S.P.A.","No","Utilities","$95,414,291,293","0","Analyze"
"EURN","Euronav Nv","Belgium","Belgium","BB:EURN","Nyse Euronext - Euronext Brussels","Yes","Energy","$1,883,411,543","1,182,315","Analyze"
"EXFO","Exfo Inc","Canada","","CT:EXF","Toronto Stock Exchange","Yes","Information Technology","$145,626,182","184,909","Analyze"
"EXK","Endeavour Silver Corporation","Canada","","CT:EDR","Toronto Stock Exchange","Yes","Materials","$877,707,250","2,492,883","Analyze"
"EXMGF","Excelsior Mining Corp.","Canada","","CV:MIN","TSX Venture Exchange","No","Unknown","$126,202,767","142,500","Analyze"
"EXN","Excellon Resources Inc.","Canada","","CT:EXN","Toronto Stock Exchange","Yes","Materials","$74,800,600","30,609","Analyze"
"EXPGF","Experian PLC","United Kingdom","","LN:EXPN","London Stock Exchange","No","Industrials","$42,096,483,473","6,792","Analyze"
"EXROF","Exro Technologies Inc.","Canada","","CV:EXRO","TSX Venture Exchange","No","Industrials","$360,051,781","612,692","Analyze"
"FCUUF","Fission Uranium Corp.","Canada","","CV:FCU","TSX Venture Exchange","No","Energy","$286,772,440","271,514","Analyze"
"FDVRF","Facedrive Inc.","Canada","","CV:FD","TSX Venture Exchange","No","Information Technology","$701,028,945","24,973","Analyze"
"FFLWF","Fire & Flower Holdings Corp.","Canada","","CT:FAF","Toronto Stock Exchange","No","Unknown","$246,080,570","112,018","Analyze"
"FFMGF","First Mining Gold Corp.","Canada","","CT:FF","Toronto Stock Exchange","No","Materials","$214,578,776","1,391,291","Analyze"
"FFNTF","4Front Ventures Corp.","Canada","","CF:FFNT","Canadian Securities Exchange","No","Consumer Discretionary","$655,147,594","980,064","Analyze"
"FLOOF","Flower One Holdings Inc.","Canada","","CF:FONE","Canadian Securities Exchange","No","Unknown","$63,900,844","14,469","Analyze"
"FLYLF","FLYHT Aerospace Solutions Ltd.","Canada","","CV:FLY","TSX Venture Exchange","No","Industrials","$27,471,353","126,915","Analyze"
"FNV","Franco-Nevada Corporation","Canada","Canada","CT:FNV","Toronto Stock Exchange","Yes","Materials","$30,388,002,154","529,487","Analyze"
"FQVTF","Fevertree Drinks PLC","United Kingdom","United Kingdom","LN:FEVR","London Stock Exchange","Yes","Consumer Staples","$3,883,747,787","1,821","Analyze"
"FRFHF","Fairfax Financial Holdings","Canada","","CT:FFH","Toronto Stock Exchange","No","Financials","$11,648,577,582","0","Analyze"
"FSM","Fortuna Silver Mines Inc","Canada","Canada","CT:FVI","Toronto Stock Exchange","Yes","Materials","$1,372,603,150","4,650,718","Analyze"
"FSNUF","Fresenius SE & Co. KGaA","Germany","","GF:FRE","Frankfurt Stock Exchange","No","Health Care","$23,661,830,134","100","Analyze"
"FSUMF","Fortescue Metals Group Ltd","Australia","","AT:FMG","Asx - All Markets","No","Materials","$55,729,265,016","115,291","Analyze"
"FSV","Firstservice Corporation","Canada","","CT:FSV","Toronto Stock Exchange","Yes","Real Estate","$7,769,559,534","32,687","Analyze"
"FTI","TechnipFMC PLC","United Kingdom","United Kingdom","FP:FTI","Euronext Paris","No","Energy","$3,227,015,437","5,784,415","Analyze"
"FTMDF","Fortune Minerals Limited","Canada","","CT:FT","Toronto Stock Exchange","No","Materials","$33,053,260","103,768","Analyze"
"FTRP","Field Trip Health Ltd.","Canada","","CT:FTRP","Toronto Stock Exchange","Yes","Health Care","$372,529,547","82,600","Analyze"
"FTS","Fortis Inc.","Canada","Canada","CT:FTS","Toronto Stock Exchange","Yes","Utilities","$21,114,689,239","365,438","Analyze"
"FTSSF","First Cobalt Corp.","Canada","","CV:FCC","TSX Venture Exchange","No","Materials","$119,082,508","637,183","Analyze"
"FURY","Fury Gold Mines Limited","Canada","","CT:FURY","Toronto Stock Exchange","Yes","Materials","$113,058,959","265,837","Analyze"
"FVANF","First Vanadium Corp.","Canada","","CV:FVAN","TSX Venture Exchange","No","Unknown","$47,836,555","81,755","Analyze"
"GAN","GAN Limited","United Kingdom","Bermuda","LN:GAN","London Stock Exchange","Yes","Consumer Discretionary","$646,512,754","733,614","Analyze"
"GATGF","Gatling Exploration Inc.","Canada","","CV:GTR","TSX Venture Exchange","No","Unknown","$13,721,314","20,991","Analyze"
"GBNH","Greenbrook TMS Inc.","Canada","","CT:GTMS","Toronto Stock Exchange","Yes","Health Care","$189,106,086","4,639","Analyze"
"GBOOF","Grupo Financiero Banorte SAB de CV Class O","Mexico","","MM:GFNORTEO","Bolsa Mexicana De Valores (Mexican Stock Exchange)","No","Financials","$19,225,446,840","7,280","Analyze"
"GDRZF","Gold Reserve Inc. Class A","Canada","","CV:GRZ","TSX Venture Exchange","Yes","Materials","$165,989,730","30,509","Analyze"
"GENTF","G5 Entertainment AB","Sweden","","SS:G5EN","Nasdaq Omx Nordic","No","Unknown","$485,990,999","110","Analyze"
"GFL","GFL Environmental Inc. Subordinate voting shares","Canada","","CT:GFL","Toronto Stock Exchange","Yes","Industrials","$10,896,045,046","1,143,505","Analyze"
"GIB","CGI Group","Canada","Canada","CT:GIB-A","Toronto Stock Exchange","Yes","Information Technology","$19,822,981,297","115,274","Analyze"
"GIL","Gildan Activewear Inc. Class A","Canada","","CT:GIL","Toronto Stock Exchange","Yes","Consumer Discretionary","$6,809,262,788","268,719","Analyze"
"GILT","Gilat Satellite Networks Ltd.","Israel","","IT:GILT","Tel Aviv Stock Exchange","Yes","Information Technology","$576,153,446","522,217","Analyze"
"GLATF","Global Atomic Corporation","Canada","","CT:GLO","Toronto Stock Exchange","No","Unknown","$380,181,444","127,309","Analyze"
"GLAXF","GlaxoSmithKline PLC","United Kingdom","United Kingdom","LN:GSK","London Stock Exchange","Yes","Health Care","$101,225,253,023","818","Analyze"
"GLBXF","Globex Mining Enterprises Inc.","Canada","","CT:GMX","Toronto Stock Exchange","No","Materials","$43,912,093","22,228","Analyze"
"GLDG","GoldMining Inc.","Canada","","CT:GOLD","Toronto Stock Exchange","Yes","Materials","$204,837,441","244,579","Analyze"
"GLGDF","Gogold Resources Inc.","Canada","","CT:GGD","Toronto Stock Exchange","No","Materials","$654,862,162","75,896","Analyze"
"GLOB","Globant Sa","Argentina","Luxembourg","LX:GLOB","Luxembourg Stock Exchange","Yes","Information Technology","$9,421,400,076","190,758","Analyze"
"GLVMF","Golden Valley Mines Ltd.","Canada","","CV:GZZ","TSX Venture Exchange","No","Materials","$71,617,165","470","Analyze"
"GMMVF","G Medical Innovations Holdings Ltd","Australia","","AT:GMV","Asx - All Markets","No","Unknown","$849,861,251","4,605","Analyze"
"GNENF","Ganfeng Lithium Co Ltd","China","","HK:1772","Hong Kong Exchange","No","Materials","$6,341,874,000","29,442","Analyze"
"GOGL","Golden Ocean Group Ltd","Norway","Bermuda","NO:GOGL","Oslo Bors Asa","Yes","Industrials","$1,951,350,758","848,699","Analyze"
"GOLD","Barrick Gold Corporation","Canada","Canada","CT:ABX","Toronto Stock Exchange","Yes","Materials","$38,360,144,837","13,017,715","Analyze"
"GOOS","Canada Goose Holdings Inc. Subordinate Voting Shares","Canada","","CT:GOOS","Toronto Stock Exchange","Yes","Consumer Discretionary","$2,530,400,948","435,665","Analyze"
"GP","GreenPower Motor Company Inc.","Canada","","CV:GPV","TSX Venture Exchange","Yes","Consumer Discretionary","$374,838,345","99,663","Analyze"
"GPDNF","Danone SA","France","France","FP:BN","Euronext Paris","Yes","Consumer Staples","$50,574,684,248","895","Analyze"
"GPL","Great Panther Silver Limited","Canada","","CT:GPR","Toronto Stock Exchange","Yes","Materials","$214,732,546","1,251,847","Analyze"
"GRIN","Grindrod Shipping Holdings Ltd.","South Africa","","SJ:GSH","Johannesburg Stock Exchange","No","Industrials","$210,286,161","147,003","Analyze"
"GSS","Golden Star Resources","Canada","Canada","CT:GSC","Toronto Stock Exchange","Yes","Materials","$291,318,856","1,040,982","Analyze"
"GSV","Gold Standard Ventures Corporation","Canada","","CT:GSV","Toronto Stock Exchange","Yes","Materials","$201,688,075","551,109","Analyze"
"GTBAF","Great Bear Resources Ltd. Class A","Canada","","CV:GBR","TSX Venture Exchange","No","Unknown","$680,315,487","10,947","Analyze"
"GTBIF","Green Thumb Industries Inc.","Canada","","CF:GTII","Canadian Securities Exchange","No","Consumer Discretionary","$5,652,605,703","221,054","Analyze"
"GTE","Gran Tierra Energy Inc.","Canada","USA","CT:GTE","Toronto Stock Exchange","No","Energy","$221,032,991","3,112,994","Analyze"
"GUKYF","Gulf Keystone Petroleum Limited","United Kingdom","","LN:GKP","London Stock Exchange","No","Energy","$491,581,569","520","Analyze"
"HBM","Hudbay Minerals Inc","Canada","Canada","CT:HBM","Toronto Stock Exchange","Yes","Materials","$1,822,774,389","1,618,934","Analyze"
"HEOFF","H2O Innovation Inc.","Canada","","CV:HEO","TSX Venture Exchange","No","Industrials","$151,659,901","23,767","Analyze"
"HERTF","Heritage Cannabis Holdings Corp.","Canada","","CF:CANN","Canadian Securities Exchange","No","Unknown","$57,194,382","49,968","Analyze"
"HEXO","HEXO Corp.","Canada","","CT:HEXO","Toronto Stock Exchange","Yes","Health Care","$603,474,898","3,848,371","Analyze"
"HINKF","Heineken N.V.","The Netherlands","The Netherlands","NA:HEIA","Nyse Euronext - Euronext Amsterdam","Yes","Consumer Staples","$67,046,704,153","335","Analyze"
"HITIF","High Tide Inc.","Canada","","CV:HITI","TSX Venture Exchange","No","Consumer Discretionary","$332,862,052","72,367","Analyze"
"HKHHF","Heineken Holding N.V.","The Netherlands","","NA:HEIA","Nyse Euronext - Euronext Amsterdam","No","Consumer Staples","$28,765,572,878","126,325","Analyze"
"HMRZF","H & M Hennes & Mauritz Class B","Sweden","Sweden","SS:HM-B","Nasdaq Omx Nordic","Yes","Consumer Discretionary","$30,319,168,704","11,748","Analyze"
"HOCPF","Hoya Corp","Japan","","JT:7741","Tokyo Stock Exchange","No","Health Care","$53,418,244,870","0","Analyze"
"HRVOF","Harvest One Cannabis Inc.","Canada","","CV:HVT","TSX Venture Exchange","No","Unknown","$19,830,502","80,128","Analyze"
"HRVSF","Harvest Health & Recreation Inc.","Canada","","CF:HARV","Canadian Securities Exchange","No","Unknown","$919,678,968","273,062","Analyze"
"HSDT","Helius Medical Technologies Inc. Class A","Canada","USA","CT:HSM","Toronto Stock Exchange","No","Health Care","$35,524,148","7,190","Analyze"
"HSSHF","Digihost Technology Inc.","Canada","","CV:DGHI","TSX Venture Exchange","No","Communication Services","$111,882,358","91,664","Analyze"
"HUGE","FSD Pharma Inc. - Class B Subordinate Voting Shares","Canada","","CF:HUGE","Canadian Securities Exchange","Yes","Health Care","$60,466,301","243,028","Analyze"
"HUTMF","Hut 8 Mining Corp.","Canada","","CT:HUT","Toronto Stock Exchange","No","Unknown","$519,584,667","529,150","Analyze"
"HVBTF","HIVE Blockchain Technologies Ltd","Canada","","CV:HIVE","TSX Venture Exchange","No","Information Technology","$1,085,406,033","9,459,851","Analyze"
"IAG","Iamgold Corp","Canada","Canada","CT:IMG","Toronto Stock Exchange","Yes","Financials","$1,291,819,041","4,600,073","Analyze"
"ICL","Israel Chemicals Limited","Israel","Israel","IT:ICL","Tel Aviv Stock Exchange","Yes","Materials","$9,528,401,511","134,404","Analyze"
"IDBA","IDEX Biometrics ASA","Norway","","NO:IDEX","Oslo Bors Asa","Yes","Information Technology","$232,251,883","449","Analyze"
"IDEXF","Industria de Diseño Textil, S.A.","Spain","","SM:ITX","Bolsa De Madrid","No","Consumer Discretionary","$110,142,481,680","0","Analyze"
"IDXAF","IDEX Biometrics ASA","Norway","","NO:IDEX","Oslo Bors Asa","No","Information Technology","$232,251,883","1,250","Analyze"
"IFNNF","Infineon Technologies AG","Germany","","GF:IFX","Frankfurt Stock Exchange","No","Information Technology","$51,888,948,089","200","Analyze"
"IGXT","Intelgenx Technologies Corp.","Canada","","CV:IGX","TSX Venture Exchange","No","Health Care","$56,956,562","166,825","Analyze"
"IMBBF","Imperial Brands PLC","United Kingdom","","LN:IMB","London Stock Exchange","No","Consumer Staples","$20,641,160,683","874","Analyze"
"IMO","Imperial Oil Limited","Canada","","CT:IMO","Toronto Stock Exchange","No","Energy","$19,263,171,488","558,361","Analyze"
"IMV","IMV Inc.","Canada","","CT:IMV","Toronto Stock Exchange","Yes","Health Care","$141,180,433","5,290,895","Analyze"
"INDXF","Indus Holdings Inc.","Canada","","CF:INDS","Canadian Securities Exchange","No","Unknown","$23,830,225","7,042","Analyze"
"INM","InMed Pharmaceuticals Inc.","Canada","","CT:IN","Toronto Stock Exchange","No","Health Care","$24,944,573","49,242","Analyze"
"IPA","ImmunoPrecise Antibodies Ltd.","Canada","","CV:IPA","TSX Venture Exchange","Yes","Health Care","$128,092,073","7,083,929","Analyze"
"IPNFF","ImagineAR Inc.","Canada","","CF:IP","Canadian Securities Exchange","No","Information Technology","$12,073,328","264,844","Analyze"
"IPOOF","InPlay Oil Corp.","Canada","","CT:IPO","Toronto Stock Exchange","No","Energy","$62,149,469","35,691","Analyze"
"ISENF","IsoEnergy Ltd.","Canada","","CV:ISO","TSX Venture Exchange","No","Energy","$212,044,837","48,216","Analyze"
"ITHUF","iAnthus Capital Holdings Inc.","Canada","","CF:IAN","Canadian Securities Exchange","No","Unknown","$28,900,172","182,037","Analyze"
"ITRG","Integra Resources Corp.","Canada","","CV:ITR","TSX Venture Exchange","Yes","Materials","$166,236,196","112,044","Analyze"
"ITXXF","Itaconix plc","United Kingdom","","LN:ITX","London Stock Exchange","No","Communication Services","$37,694,334","1,000","Analyze"
"IVPAF","Ivanhoe Mines Ltd. Class A","Canada","","CT:IVN","Toronto Stock Exchange","No","Materials","$9,052,546,333","40,331","Analyze"
"JAPAF","Japan Tobacco","Japan","","JT:2914","Tokyo Stock Exchange","No","Consumer Staples","$39,440,000,000","89","Analyze"
"JDCMF","JD.Com Inc","China","","HK:9618","Hong Kong Exchange","No","Consumer Discretionary","$111,180,534,244","0","Analyze"
"JRNGF","Journey Energy Inc.","Canada","","CT:JOY","Toronto Stock Exchange","No","Energy","$48,427,657","10,163","Analyze"
"JRVMF","Jervois Mining Limited","Australia","","AT:JRV","Asx - All Markets","No","Unknown","$313,088,502","256,979","Analyze"
"JSNSF","J Sainsbury plc","United Kingdom","","LN:SBRY","London Stock Exchange","No","Consumer Staples","$9,279,890,767","1,327","Analyze"
"JUSHF","Jushi Holdings Inc Class B","Canada","","CF:JUSH","Canadian Securities Exchange","No","Consumer Discretionary","$742,417,641","566,393","Analyze"
"KGC","Kinross Gold Corporation","Canada","Canada","CT:K","Toronto Stock Exchange","Yes","Materials","$8,202,568,004","14,008,497","Analyze"
"KHRNF","Khiron Life Sciences Corp.","Canada","","CV:KHRN","TSX Venture Exchange","No","Unknown","$44,761,355","354,511","Analyze"
"KIQ","Kelso Technologies Inc","Canada","","CT:KLS","Toronto Stock Exchange","Yes","Industrials","$34,764,855","1,059,101","Analyze"
"KL","Kirkland Lake Gold Ltd.","Canada","Canada","CT:KL","Toronto Stock Exchange","Yes","Materials","$11,327,600,830","1,592,895","Analyze"
"KMDA","Kamada Ltd.","Israel","Israel","IT:KMDA","Tel Aviv Stock Exchange","Yes","Health Care","$247,876,015","51,377","Analyze"
"KNRLF","Kontrol Energy Corp.","Canada","","CF:KNR","Canadian Securities Exchange","No","Information Technology","$36,709,591","14,343","Analyze"
"KNTNF","K92 Mining Inc.","Canada","","CV:KNT","TSX Venture Exchange","No","Materials","$1,549,265,702","70,444","Analyze"
"KNYJF","Kone Oyj","Finland","","FH:KNEBV","Nasdaq Omx Helsinki Ltd.","No","Industrials","$37,501,236,497","0","Analyze"
"KOR","Corvus Gold Inc.","Canada","","CT:KOR","Toronto Stock Exchange","No","Materials","$393,633,257","289,235","Analyze"
"KPLUF","K+S AG","Germany","","GF:SDF","Frankfurt Stock Exchange","No","Materials","$2,727,450,000","935","Analyze"
"KRRGF","Karora Resources Inc","Canada","","CT:KRR","Toronto Stock Exchange","No","Materials","$442,965,166","0","Analyze"
"KYCCF","Keyence Corp","Japan","","JT:6861","Tokyo Stock Exchange","No","Information Technology","$139,114,795,248","0","Analyze"
"LAC","Lithium Americas Corp.","Canada","","CT:LAC","Toronto Stock Exchange","Yes","Materials","$1,687,698,637","2,872,509","Analyze"
"LEXX","Lexaria Bioscience Corp.","Canada","","CF:LXX","Canadian Securities Exchange","No","Health Care","$32,718,768","3,195,883","Analyze"
"LGORF","Largo Resources Ltd.","Canada","","CV:LGO","TSX Venture Exchange","No","Materials","$996,564,131","215,224","Analyze"
"LHSIF","Liberty Health Sciences Inc","Canada","","CF:LHS","Canadian Securities Exchange","No","Health Care","$391,416,287","1,065,566","Analyze"
"LIACF","American Lithium Corp.","Canada","","CV:LI","TSX Venture Exchange","No","Materials","$230,298,433","402,411","Analyze"
"LMGDF","Lumina Gold Corp.","Canada","","CV:LUM","TSX Venture Exchange","No","Materials","$203,624,257","277,550","Analyze"
"LMNL","Liminal BioSciences Inc.","Canada","","CT:LMNL","Toronto Stock Exchange","Yes","Health Care","$88,633,763","192,020","Analyze"
"LMRMF","Lomiko Metals Inc.","Canada","","CV:LMR","TSX Venture Exchange","No","Materials","$19,465,798","3,188,506","Analyze"
"LOGI","Logitech International SA","Switzerland","USA","SE:LOGN","Six Swiss Exchange","No","Information Technology","$18,723,212,019","1,012,250","Analyze"
"LOMLF","Lion One Metals Limited","Canada","","CV:LIO","TSX Venture Exchange","No","Materials","$164,059,238","78,450","Analyze"
"LSPD","Lightspeed POS Inc. Subordinate Voting Shares","Canada","Canada","CT:LSPD","Toronto Stock Exchange","Yes","Information Technology","$11,634,886,971","558,705","Analyze"
"LTMCF","Lithium Chile Inc","Canada","","CV:LITH","TSX Venture Exchange","No","Materials","$30,681,719","55,161","Analyze"
"LYSCF","Lynas Rare Earths Limited","Malaysia","","AT:LYC","Asx - All Markets","No","Materials","$4,978,459,149","0","Analyze"
"MAG","Mag Silver Corporation","Canada","","CT:MAG","Toronto Stock Exchange","Yes","Materials","$1,850,773,382","357,060","Analyze"
"MAKOF","Mako Mining Corp.","Canada","","CV:MKO","TSX Venture Exchange","No","Materials","$186,552,054","176,685","Analyze"
"MAXR","Maxar Technologies Ltd.","Canada","USA","CT:MAXR","Toronto Stock Exchange","No","Industrials","$2,561,169,164","1,113,853","Analyze"
"MBAIF","CIBT Education Group Inc","Canada","","CT:MBA","Toronto Stock Exchange","No","Consumer Discretionary","$41,681,359","2,125","Analyze"
"MDNA","Medicenna Therapeutics Corp.","Canada","","CT:MDNA","Toronto Stock Exchange","Yes","Health Care","$135,366,727","140,686","Analyze"
"MEDIF","MediPharm Labs Corp.","Canada","","CT:LABS","Toronto Stock Exchange","No","Health Care","$90,349,998","112,292","Analyze"
"MEOH","Methanex Corporation","Canada","","CT:MX","Toronto Stock Exchange","Yes","Materials","$2,508,047,405","220,815","Analyze"
"MFC","Manulife Financial Corporation","Canada","","CT:MFC","Toronto Stock Exchange","Yes","Financials","$37,385,893,776","3,254,837","Analyze"
"MGA","Magna International","Canada","","CT:MG","Toronto Stock Exchange","Yes","Consumer Discretionary","$25,360,295,811","1,471,459","Analyze"
"MGDPF","Marathon Gold Corporation","Canada","","CV:MOZ","TSX Venture Exchange","No","Materials","$634,414,958","162,025","Analyze"
"MGIC","Magic Software Enterprises Ltd.","Israel","","IT:MGIC","Tel Aviv Stock Exchange","Yes","Information Technology","$852,229,256","37,366","Analyze"
"MGPHF","Mason Graphite Inc.","Canada","","CV:LLG","TSX Venture Exchange","No","Materials","$68,282,585","279,090","Analyze"
"MIMZF","Nighthawk Gold Corp.","Canada","","CT:NHK","Toronto Stock Exchange","No","Materials","$62,108,039","18,832","Analyze"
"MISVF","Minco Silver Corporation","Canada","","CT:MSV","Toronto Stock Exchange","No","Materials","$21,584,572","61,703","Analyze"
"MJARF","MJardin Group Inc.","Canada","","CF:MJAR","Canadian Securities Exchange","No","Unknown","$2,547,259","134,472","Analyze"
"MKGAF","Merck Kgaa","Germany","","GF:MRK","Frankfurt Stock Exchange","No","Health Care","$26,922,453,098","0","Analyze"
"MLLOF","Medallion Resources Ltd.","Canada","","CV:MDL","TSX Venture Exchange","No","Materials","$13,322,904","1,444,153","Analyze"
"MLNLF","Millennial Lithium Corp.","Canada","","CV:ML","TSX Venture Exchange","No","Materials","$263,112,666","29,861","Analyze"
"MLRKF","Millrock Resources Inc.","Canada","","CV:MRO","TSX Venture Exchange","No","Materials","$8,004,268","430,043","Analyze"
"MMEDF","Mind Medicine (MindMed) Inc.","Canada","","QF:NMED","Aequitas NEO Exchange (Lit Book)","No","Health Care","$2,030,227,808","21,960,647","Analyze"
"MMNFF","MedMen Enterprises Inc. Class B","Canada","","CF:MMEN","Canadian Securities Exchange","No","Health Care","$127,587,776","2,793,073","Analyze"
"MMRGF","Minaurum Gold Inc.","Canada","","CV:MGG","TSX Venture Exchange","No","Materials","$99,989,108","104,275","Analyze"
"MMX","Maverix Metals Inc.","Canada","","CT:MMX","Toronto Stock Exchange","Yes","Materials","$704,433,065","150,902","Analyze"
"MNDJF","Mandalay Resources Corporation","Canada","","CT:MND","Toronto Stock Exchange","No","Materials","$191,917,095","13,930","Analyze"
"MOGO","Mogo Finance Technology Inc.","Canada","","CT:MOGO","Toronto Stock Exchange","Yes","Financials","$386,788,545","953,330","Analyze"
"MPNGF","Meituan Dianping Ord Cl B","China","","HK:3690","Hong Kong Exchange","No","Consumer Discretionary","$153,762,187,670","0","Analyze"
"MPXOF","MPX International Corp.","Canada","","CF:MPXI","Canadian Securities Exchange","No","Unknown","$11,537,663","12,566","Analyze"
"MTA","Metalla Royalty & Streaming Ltd.","Canada","","CV:MTA","TSX Venture Exchange","Yes","Materials","$350,716,766","151,996","Analyze"
"MTSFF","Mitsui Fudosan Co Ltd","Japan","","JT:8801","Tokyo Stock Exchange","No","Real Estate","$23,895,678,188","0","Analyze"
"MURGF","Münchener Ruckversicherungs","Germany","Germany","GF:MUV2","Frankfurt Stock Exchange","Yes","Financials","$38,428,296,180","2","Analyze"
"MVMDF","Mountain Valley MD Holdings Inc.","Canada","","CF:MVMD","Canadian Securities Exchange","No","Health Care","$99,148,318","0","Analyze"
"NAK","Northern Dynasty Minerals Ltd.","Canada","","CT:NDM","Toronto Stock Exchange","Yes","Materials","$231,706,119","3,707,362","Analyze"
"NCLTF","Nitori Holdings Co Ltd","Japan","","JT:9843","Tokyo Stock Exchange","No","Consumer Discretionary","$22,131,083,256","458","Analyze"
"NDVAF","Indiva Ltd.","Canada","","CV:NDVA","TSX Venture Exchange","No","Unknown","$36,827,614","36,678","Analyze"
"NEM","Newmont Corporation","USA","USA","CT:NGT","Toronto Stock Exchange","No","Materials","$49,529,837,104","5,076,349","Analyze"
"NEPT","Neptune Wellness Solutions Inc","Canada","","CT:NEPT","Toronto Stock Exchange","Yes","Health Care","$130,043,996","2,055,586","Analyze"
"NESRF","Northern Star Resources Limited","Australia","","AT:NST","Asx - All Markets","No","Materials","$8,762,559,488","11,283","Analyze"
"NEVPF","NeuroVive Pharmaceutical AB","Sweden","","SS:NVP","Nasdaq Omx Nordic","No","Unknown","$43,121,727","600","Analyze"
"NEXA","Nexa Resources S.A.","Brazil","","CT:NEXA","Toronto Stock Exchange","Yes","Materials","$1,104,538,016","59,190","Analyze"
"NEXCF","NexTech AR Solutions Corp.","Canada","","CF:NTAR","Canadian Securities Exchange","No","Consumer Discretionary","$136,489,037","1,250,585","Analyze"
"NG","Novagold Resources Inc.","Canada","Canada","CT:NG","Toronto Stock Exchange","No","Materials","$2,560,348,144","720,694","Analyze"
"NGD","New Gold Inc.","Canada","Canada","CT:NGD","Toronto Stock Exchange","Yes","Materials","$1,116,585,890","3,736,794","Analyze"
"NGENF","NervGen Pharma Corp.","Canada","","CV:NGEN","TSX Venture Exchange","No","Health Care","$60,276,666","2,982","Analyze"
"NGGTF","National Grid PLC","United Kingdom","United Kingdom","LN:NG","London Stock Exchange","Yes","Utilities","$46,029,171,518","0","Analyze"
"NHYKF","Norsk Hydro ASA","Norway","","NO:NHY","Oslo Bors Asa","No","Materials","$14,069,188,277","3,724","Analyze"
"NIOBF","NioCorp Developments Ltd.","Canada","","CV:NB","TSX Venture Exchange","No","Materials","$265,353,229","830,650","Analyze"
"NMGRF","Nouveau Monde Graphite Inc","Canada","","CV:NOU","TSX Venture Exchange","No","Unknown","$579,586,111","46,841","Analyze"
"NNXPF","NanoXplore Inc.","Canada","","CV:GRA","TSX Venture Exchange","No","Unknown","$596,185,973","14,112","Analyze"
"NOA","North American Construction Group Ltd.","Canada","","CT:NOA","Toronto Stock Exchange","Yes","Energy","$444,330,035","55,119","Analyze"
"NOKBF","Nokia Corporation","Finland","","FH:NOKIA","Nasdaq Omx Helsinki Ltd.","No","Information Technology","$34,790,576,905","0","Analyze"
"NSCIF","Nanalysis Scientific Corp","Canada","","CV:NSCI","TSX Venture Exchange","No","Unknown","$64,220,253","10,000","Analyze"
"NSRCF","NextSource Materials Inc","Canada","","CT:NEXT","Toronto Stock Exchange","No","Materials","$183,792,630","292,927","Analyze"
"NSRGF","Nestle SA","Switzerland","Switzerland","VX:NESN","Six Swiss - Blue Chips Segment","Yes","Consumer Staples","$365,887,000,000","4,358","Analyze"
"NSRPF","Novo Resources Corp.","Canada","","CV:NVO","TSX Venture Exchange","No","Materials","$426,983,184","164,955","Analyze"
"NSRXF","Nomad Royalty Company Ltd.","Canada","","CT:NSR","Toronto Stock Exchange","No","Materials","$373,815,717","0","Analyze"
"NTGSF","Golden Predator Mining Corp. Class A","Canada","","CV:GPY","TSX Venture Exchange","No","Materials","$18,984,953","596,581","Analyze"
"NTR","Nutrien Ltd.","Canada","Canada","CT:NTR","Toronto Stock Exchange","Yes","Materials","$33,035,221,366","1,305,576","Analyze"
"NTSFF","Nanotech Security Corp.","Canada","","CV:NTS","TSX Venture Exchange","No","Industrials","$42,077,136","48,595","Analyze"
"NTTHF","Neo Lithium Corp.","Canada","","CV:NLC","TSX Venture Exchange","No","Unknown","$411,312,943","70,214","Analyze"
"NUPMF","New Pacific Metals Corp","Canada","","CV:NUAG","TSX Venture Exchange","No","Materials","$859,945,733","43,946","Analyze"
"NVCN","Neovasc Inc.","Canada","","CT:NVCN","TSX Venture Exchange","Yes","Health Care","$57,622,470","493,784","Analyze"
"NVMI","Nova Measuring Instruments Ltd.","Israel","Israel","IT:NOVA","Tel Aviv Stock Exchange","Yes","Information Technology","$2,756,213,936","69,824","Analyze"
"NVNXF","Novonix Limited","Australia","","AT:NVX","Asx - All Markets","No","Unknown","$873,938,989","0","Analyze"
"NVSEF","Novartis AG","Switzerland","Switzerland","VX:NOVN","Six Swiss - Blue Chips Segment","Yes","Health Care","$224,624,018,288","773","Analyze"
"NXE","Nexgen Energy Ltd.","Canada","","CT:NXE","Toronto Stock Exchange","Yes","Materials","$1,973,704,372","1,905,952","Analyze"
"NXGWF","Next Green Wave Holdings Inc.","Canada","","CF:NGW","Canadian Securities Exchange","No","Unknown","$114,707,270","117,922","Analyze"
"NXOPF","Nexoptic Technology Corp","Canada","","CV:NXO","TSX Venture Exchange","No","Information Technology","$26,513,307","182,122","Analyze"
"NXTTF","Namaste Technologies Inc.","Canada","","CV:N","TSX Venture Exchange","No","Consumer Discretionary","$57,457,875","186,856","Analyze"
"OGI","Organigram Holdings Inc.","Canada","","CV:OGI","TSX Venture Exchange","Yes","Health Care","$773,821,353","6,062,316","Analyze"
"OLNCF","Omni-Lite Industries Canada Inc.","Canada","","CV:OML","TSX Venture Exchange","No","Industrials","$7,543,813","5,000","Analyze"
"OMVJF","OMV AG","Austria","Austria","AV:OMV","Wiener Boerse Ag","Yes","Energy","$17,803,636,349","1,195","Analyze"
"OMZNF","Osisko Metals Incorporated","Canada","","CT:OM","Toronto Stock Exchange","No","Unknown","$59,283,468","50,565","Analyze"
"ONCY","Oncolytics Biotech Inc.","Canada","","CT:ONC","Toronto Stock Exchange","Yes","Health Care","$124,758,455","217,029","Analyze"
"OPSSF","Opsens Inc.","Canada","","CT:OPS","Toronto Stock Exchange","No","Health Care","$255,537,101","10,650","Analyze"
"OR","Osisko Gold Royalties Ltd","Canada","Canada","CT:OR","Toronto Stock Exchange","Yes","Consumer Staples","$2,267,358,919","506,475","Analyze"
"ORLA","Orla Mining Ltd.","Canada","","CT:OLA","Toronto Stock Exchange","Yes","Materials","$1,027,279,918","187,543","Analyze"
"ORRCF","Oroco Resource Corp","Canada","","CV:OCO","TSX Venture Exchange","No","Materials","$461,748,015","42,165","Analyze"
"ORZCF","Orezone Gold Corporation","Canada","","CV:ORE","TSX Venture Exchange","No","Materials","$338,824,922","100,179","Analyze"
"OTEX","Open Text Corporation","Canada","Canada","CT:OTEX","Toronto Stock Exchange","No","Information technology","$14,087,534,369","309,696","Analyze"
"OTSKF","Otsuka Holdings Co Ltd","Japan","","JT:4578","Tokyo Stock Exchange","No","Health Care","$23,205,961,667","2,016","Analyze"
"OYIEF","Ocean Yield ASA","Norway","","NO:OCY","Oslo Bors Asa","No","Energy","$569,681,369","236","Analyze"
"PAAS","Pan American Silver Corp.","Canada","Canada","CT:PAAS","Toronto Stock Exchange","Yes","Materials","$5,829,498,952","1,794,259","Analyze"
"PAFRF","Pan African Resources PLC","South Africa","","LN:PAF","London Stock Exchange","No","Materials","$507,274,071","2,250","Analyze"
"PBA","Pembina Pipeline Corp.","Canada","Canada","CT:PPL","Toronto Stock Exchange","Yes","Energy","$17,810,083,888","922,338","Analyze"
"PBTHF","PointsBet Holdings Ltd.","Australia","","AT:PBH","Asx - All Markets","No","Consumer Discretionary","$1,814,194,474","3,372","Analyze"
"PCLOF","PharmaCielo Ltd.","Canada","","CV:PCLO","TSX Venture Exchange","No","Unknown","$171,403,572","190,116","Analyze"
"PDS","Precision Drilling Corp","Canada","Canada","CT:PD","Toronto Stock Exchange","Yes","Energy","$433,059,034","71,171","Analyze"
"PGPEF","Publicis Groupe SA","France","","FP:PUB","Euronext Paris","No","Communication Services","$15,871,658,369","5,140","Analyze"
"PLG","Platinum Group Metals Ltd.","Canada","","CT:PTM","Toronto Stock Exchange","Yes","Materials","$232,343,052","584,223","Analyze"
"PLM","Polymet Mining Corporation","Canada","Canada","CT:POM","Toronto Stock Exchange","Yes","Materials","$320,789,878","110,899","Analyze"
"PLNHF","Planet 13 Holdings Inc.","Canada","","CF:PLTH","Canadian Securities Exchange","No","Consumer Discretionary","$1,040,846,351","325,528","Analyze"
"PLPRF","Plus Products Inc.","Canada","","CF:PLUS","Canadian Securities Exchange","No","Unknown","$16,602,600","438,903","Analyze"
"PLRTF","Plymouth Rock Technologies Inc.","Canada","","CF:PRT","Canadian Securities Exchange","No","Industrials","$16,373,161","349,859","Analyze"
"PLSDF","Pulse Seismic Inc.","Canada","","CT:PSD","Toronto Stock Exchange","No","Energy","$91,986,572","4,800","Analyze"
"POETF","POET Technologies Inc.","Canada","","CV:PTK","TSX Venture Exchange","No","Information Technology","$321,083,795","408,593","Analyze"
"PPCCF","PICC Property and Casualty Company","China","","HK:2328","Hong Kong Exchange","No","Financials","$5,622,924,610","0","Analyze"
"PPTA","Perpetua Resources Corp.","Canada","Canada","CT:PPTA","Toronto Stock Exchange","Yes","Materials","$308,241,762","98,099","Analyze"
"PRMNF","Prime Mining Corp.","Canada","","CV:PRYM","TSX Venture Exchange","No","Materials","$291,693,559","814","Analyze"
"PROBF","Probe Metals Inc.","Canada","","CV:PRB","TSX Venture Exchange","No","Materials","$197,808,143","64,689","Analyze"
"PROF","Profound Medical Corp.","Canada","","CT:PRN","Toronto Stock Exchange","Yes","Health Care","$281,248,168","65,385","Analyze"
"PSHIF","PetroShale Inc.","Canada","","CV:PSH","TSX Venture Exchange","No","Energy","$43,209,145","100","Analyze"
"PTOTF","Patriot One Technologies Inc.","Canada","","CT:PAT","Toronto Stock Exchange","No","Unknown","$57,141,221","42,193","Analyze"
"PTQQF","Protech Home Medical Corp","Canada","","CV:PTQ","TSX Venture Exchange","No","Health Care","$818,483,359","298,157","Analyze"
"PTRUF","Petrus Resources Ltd.","Canada","","CT:PRQ","Toronto Stock Exchange","No","Energy","$24,526,562","6,500","Analyze"
"PUFLF","Purifloh Limited","Australia","","AT:PO3","Asx - All Markets","No","Unknown","$45,488,408","0","Analyze"
"PVG","Pretium Resources Inc","Canada","Canada","CT:PVG","Toronto Stock Exchange","Yes","Materials","$1,754,827,771","1,069,377","Analyze"
"PXCLF","Phoenix Copper Ltd.","United Kingdom","","LN:PXC","","No","Unknown","$108,904,233","2,900","Analyze"
"PYR","PyroGenesis Canada Inc.","Canada","","CT:PYR","Toronto Stock Exchange","Yes","Industrials","$651,125,530","122,805","Analyze"
"PYRNF","PyroGenesis Canada Inc.","Canada","","CV:PYR","TSX Venture Exchange","No","Industrials","$1,230,618,464","129,772","Analyze"
"QSR","Restaurant Brands International Inc.","Canada","Canada","CT:QSR","Toronto Stock Exchange","No","Consumer Discretionary","$20,637,214,609","1,344,236","Analyze"
"QTRHF","Quarterhill Inc","Canada","","CT:QTRH","Toronto Stock Exchange","No","Information Technology","$220,051,633","5,082","Analyze"
"RACE","Ferrari N.V.","Italy","The Netherlands","IM:RACE","Borsa Italiana S.P.A.","Yes","Consumer Discretionary","$39,194,264,864","270,903","Analyze"
"RBA","Ritchie Bros Auctioneers Inc","Canada","","CT:RBA","Toronto Stock Exchange","No","Industrials","$6,529,244,937","233,782","Analyze"
"RCI","Rogers Communication","Canada","","CT:RCI-B","Toronto Stock Exchange","Yes","Communication Services","$20,094,180,414","277,820","Analyze"
"RDDTF","Radient Technologies Inc","Canada","","CV:RTI","TSX Venture Exchange","No","Unknown","$20,704,676","28,100","Analyze"
"REAXF","The Real Brokerage Inc.","Canada","","CV:REAX","TSX Venture Exchange","No","Real Estate","$238,733,802","0","Analyze"
"RECAF","Reconnaissance Energy Africa Ltd.","Canada","","CV:RECO","TSX Venture Exchange","No","Energy","$1,468,124,531","463,557","Analyze"
"REPYF","Repsol SA","Spain","","SM:REP","Bolsa De Madrid","No","Energy","$16,505,041,749","0","Analyze"
"REZZF","Global Battery Metals Ltd.","Canada","","CV:GBML","TSX Venture Exchange","No","Materials","$12,060,913","97,576","Analyze"
"RFP","Resolute Forest Products Inc","Canada","USA","CT:RFP","Toronto Stock Exchange","No","Materials","$927,738,802","679,180","Analyze"
"RHHBF","Roche Holding AG","Switzerland","","SE:RO","Six Swiss Exchange","No","Health Care","$71,182,400,000","2,198","Analyze"
"RHHVF","Roche Holding AG Dividends Rights Certificate","Switzerland","Switzerland","VX:ROG","Six Swiss - Blue Chips Segment","Yes","Health Care","$276,036,814,574","3,907","Analyze"
"RIOFF","Rio2 Ltd.","Canada","","CV:RIO","TSX Venture Exchange","No","Unknown","$119,781,196","164,745","Analyze"
"RKUNF","Rakuten Inc","Japan","","JT:4755","Tokyo Stock Exchange","No","Consumer Discretionary","$18,008,441,794","0","Analyze"
"RLFTF","Relief Therapeutics Holding AG","Switzerland","","SW:RLF","","No","Health Care","$608,320,459","4,639,333","Analyze"
"RLXXF","RELX PLC","United Kingdom","United Kingdom","LN:REL","London Stock Exchange","Yes","Industrials","$57,017,178,481","2,428","Analyze"
"ROGFF","Roxgold Inc.","Canada","","CT:ROXG","Toronto Stock Exchange","No","Materials","$577,398,117","181,695","Analyze"
"ROMJF","Rubicon Organics Inc.","Canada","","CF:ROMJ","Canadian Securities Exchange","No","Unknown","$107,828,993","2,051","Analyze"
"RY","Royal Bank Of Canada","Canada","","CT:RY","Toronto Stock Exchange","Yes","Financials","$143,089,720,800","1,110,309","Analyze"
"RYES","Rise Gold Corp","Canada","","CF:RISE","Canadian Securities Exchange","No","Materials","$13,093,353","9,017","Analyze"
"SA","Seabridge Gold","Canada","","CT:SEA","Toronto Stock Exchange","Yes","Materials","$1,378,622,215","201,432","Analyze"
"SAND","Sandstorm Gold Ltd","Canada","","CT:SSL","Toronto Stock Exchange","Yes","Industrials","$1,520,146,813","1,042,846","Analyze"
"SAPGF","SAP SE","Germany","","GF:SAP","Frankfurt Stock Exchange","No","Information Technology","$176,068,890,588","0","Analyze"
"SBSW","D/B/A Sibanye-Stillwater Limited","South Africa","USA","SJ:SSW","Johannesburg Stock Exchange","Yes","Materials","$12,628,510,584","2,169,968","Analyze"
"SCR","Score Media and Gaming Inc.","Canada","","CT:SCR","Toronto Stock Exchange","Yes","Communication Services","$927,336,051","395,681","Analyze"
"SEOVF","Sernova Corp.","Canada","","CV:SVA","TSX Venture Exchange","No","Health Care","$289,126,939","34,720","Analyze"
"SGSVF","Sabina Gold & Silver Corp.","Canada","","CT:SBB","Toronto Stock Exchange","No","Materials","$520,360,128","333,515","Analyze"
"SHECF","Shin-Etsu Chemical Co Ltd","Japan","","JT:4063","Tokyo Stock Exchange","No","Materials","$69,145,190,498","804","Analyze"
"SHMDF","Shimano Inc","Japan","","JT:7309","Tokyo Stock Exchange","No","Consumer Discretionary","$24,153,560,000","0","Analyze"
"SHOP","Shopify Inc. Class A","Canada","Canada","CT:SHOP","Toronto Stock Exchange","Yes","Information Technology","$185,426,660,370","1,399,209","Analyze"
"SHRMF","Champignon Brands Inc.","Canada","","CF:SHRM","Canadian Securities Exchange","No","Unknown","$67,684,606","819,385","Analyze"
"SII","Sprott Inc.","Canada","","CT:SII","Toronto Stock Exchange","Yes","Financials","$928,961,534","76,459","Analyze"
"SILEF","Silver Elephant Mining Corp","Canada","","CT:ELEF","Toronto Stock Exchange","No","Unknown","$43,029,890","1,560,339","Analyze"
"SILV","Silvercrest Metals Inc.","Canada","","CT:SIL","Toronto Stock Exchange","Yes","Materials","$1,238,578,342","688,305","Analyze"
"SILXF","Silex Systems Limited","Australia","","AT:SLX","Asx - All Markets","No","Unknown","$115,805,947","1,000","Analyze"
"SJR","Shaw Communications Inc. (Class B)","Canada","","CT:SJR-B","Toronto Stock Exchange","Yes","Consumer Discretionary","$13,817,290,323","195,439","Analyze"
"SKREF","Skeena Resources Limited","Canada","","CV:SKE","TSX Venture Exchange","No","Unknown","$816,522,148","282,633","Analyze"
"SLF","Sun Life Financial Inc.","Canada","","CT:SLF","Toronto Stock Exchange","Yes","Financials","$30,352,365,483","581,285","Analyze"
"SLSSF","Solaris Resources Inc.","Canada","","CT:SLS","Toronto Stock Exchange","No","Materials","$1,300,163,641","0","Analyze"
"SLVRF","Silver One Resources Inc.","Canada","","CV:SVE","TSX Venture Exchange","No","Materials","$95,714,226","330,347","Analyze"
"SNANF","Sona Nanotech Inc.","Canada","","CF:SONA","Canadian Securities Exchange","No","Unknown","$15,043,902","6,174","Analyze"
"SNEJF","Sony Corporation","Japan","","JT:6758","Tokyo Stock Exchange","No","Consumer Discretionary","$131,654,536,736","0","Analyze"
"SNYNF","Sanofi SA","France","France","FP:SAN","Euronext Paris","Yes","Health Care","$129,925,883,362","31,806","Analyze"
"SPHRF","Starpharma Holdings Limited","Australia","","AT:SPL","Asx - All Markets","No","Health Care","$384,799,537","0","Analyze"
"SPRWF","Supreme Cannabis Company Inc","Canada","","CT:FIRE","Toronto Stock Exchange","No","Health Care","$204,466,330","303,044","Analyze"
"SRAFF","Sandfire Resources America Inc.","Canada","","CV:SFR","TSX Venture Exchange","No","Materials","$175,283,204","246,054","Analyze"
"SROYF","Sailfish Royalty Corp.","Canada","","CV:FISH","TSX Venture Exchange","No","Materials","$77,418,105","222","Analyze"
"SSEZF","SSE PLC","United Kingdom","United Kingdom","LN:SSE","London Stock Exchange","Yes","Utilities","$20,619,245,006","0","Analyze"
"SSRM","SSR Mining Inc.","Canada","Canada","CT:SSRM","Toronto Stock Exchange","Yes","Materials","$3,501,877,880","1,267,757","Analyze"
"STKL","Sunopta Inc","Canada","","CT:SOY","Toronto Stock Exchange","No","Consumer Staples","$1,129,094,206","541,147","Analyze"
"STLHF","Standard Lithium Ltd.","Canada","","CV:SLL","TSX Venture Exchange","No","Unknown","$780,649,103","45,548","Analyze"
"STMEF","STMicroelectronics N.V.","Italy","","FP:STM","Euronext Paris","No","Information Technology","$37,597,738,469","0","Analyze"
"STN","Stantec Inc","Canada","","CT:STN","Toronto Stock Exchange","Yes","Industrials","$5,140,677,348","42,883","Analyze"
"STOHF","Equinor Asa","Norway","","NO:EQNR","Oslo Bors Asa","No","Energy","$64,469,639,722","0","Analyze"
"SU","Suncor Energy  Inc.","Canada","Canada","CT:SU","Toronto Stock Exchange","Yes","Energy","$28,715,475,067","7,354,242","Analyze"
"SVKEF","Skandinaviska Enskilda Banken AB Class A","Sweden","Sweden","SS:SEB-A","Nasdaq Omx Nordic","Yes","Financials","$28,709,355,260","0","Analyze"
"SVM","Silvercorp Metals Inc.","Canada","","CT:SVM","Toronto Stock Exchange","Yes","Materials","$866,584,018","838,799","Analyze"
"SVTRF","Severn Trent PLC","United Kingdom","United Kingdom","LN:SVT","London Stock Exchange","Yes","Utilities","$9,553,159,791","0","Analyze"
"SVYSF","Solvay SA","Belgium","","BB:SOLB","Nyse Euronext - Euronext Brussels","No","Materials","$13,656,787,147","0","Analyze"
"SWIR","Sierra Wireless Inc","Canada","Canada","CT:SW","Toronto Stock Exchange","Yes","Information Technology","$720,604,957","175,281","Analyze"
"SYTA","Siyata Mobile, Inc.","Canada","","CV:SIM","TSX Venture Exchange","Yes","Communication Services","$6,646,004","20,422","Analyze"
"TAC","TransAlta Corporation","Canada","","CT:TA","Toronto Stock Exchange","Yes","Utilities","$2,929,341,721","223,217","Analyze"
"TAKOF","Drone Delivery Canada Corp","Canada","","CV:FLT","TSX Venture Exchange","No","Unknown","$228,206,992","44,639","Analyze"
"TAOIF","TAG Oil Ltd","Canada","","CT:TAO","Toronto Stock Exchange","No","Energy","$24,736,218","0","Analyze"
"TATYF","Tate & Lyle PLC","United Kingdom","","LN:TATE","London Stock Exchange","No","Consumer Staples","$4,731,748,000","0","Analyze"
"TBPMF","Tetra Bio-Pharma Inc.","Canada","","CV:TBP","TSX Venture Exchange","No","Health Care","$84,363,556","390,085","Analyze"
"TBXXF","Turmalina Metals Corp.","Canada","","CV:TBX","TSX Venture Exchange","No","Unknown","$48,167,653","47,054","Analyze"
"TCNNF","Trulieve Cannabis Corp.","Canada","","CT:TRUL","Toronto Stock Exchange","No","Health Care","$1,880,871,002","175,718","Analyze"
"TCTZF","Tencent Holdings Limited","China","","HK:0700","Hong Kong Exchange","No","Communication Services","$590,877,107,150","93,099","Analyze"
"TD","The Toronto-Dominion Bank","Canada","","CT:TD","Toronto Stock Exchange","Yes","Financials","$120,169,904,809","1,702,659","Analyze"
"TECK","Teck Resources Ltd","Canada","Canada","CT:TECK-B","Toronto Stock Exchange","Yes","Materials","$11,730,596,777","4,070,129","Analyze"
"TEFOF","Telefonica SA","Spain","","SM:TEF","Bolsa De Madrid","No","Communication Services","$26,329,709,878","0","Analyze"
"TFII","TFI International Inc.","Canada","","CT:TFII","Toronto Stock Exchange","Yes","Industrials","$10,366,952,839","258,665","Analyze"
"TGA","Transglobe Energy Corporation","Canada","","CT:TGL","Toronto Stock Exchange","Yes","Energy","$114,616,472","203,475","Analyze"
"TGB","Taseko Mines Limited","Canada","","CT:TKO","Toronto Stock Exchange","Yes","Materials","$499,613,296","1,549,032","Analyze"
"TGIFF","1933 Industries Inc.","Canada","","CF:TGIF","Canadian Securities Exchange","No","Unknown","$24,415,482","589,587","Analyze"
"TGODF","Green Organic Dutchman Holdings Ltd.","Canada","","CT:TGOD","Toronto Stock Exchange","No","Health Care","$137,298,397","2,929,777","Analyze"
"THCBF","THC BioMed Intl. Ltd.","Canada","","CF:THC","Canadian Securities Exchange","No","Health Care","$14,008,197","25,974","Analyze"
"THM","International Tower Hill Mines Ltd","Canada","","CT:ITH","Toronto Stock Exchange","No","Materials","$196,857,266","106,880","Analyze"
"THNPF","Technip Energies Nv","France","","FP:TE","Euronext Paris","No","Energy","$2,442,056,893","1,410","Analyze"
"THTX","Theratechnologies Inc.","Canada","","CT:TH","Toronto Stock Exchange","Yes","Health Care","$334,338,969","179,943","Analyze"
"TIXT","TELUS International (Cda) Inc.","Canada","","CT:TIXT","Toronto Stock Exchange","Yes","Information Technology","$1,527,846,530","230,890","Analyze"
"TKGBF","Turkiye Garanti Bankasi AS","Turkey","","TI:GARAN","Istanbul Stock Exchange","No","Financials","$3,738,000,000","0","Analyze"
"TLLTF","TILT Holdings Inc.","Canada","","CF:TILT","Canadian Securities Exchange","No","Unknown","$155,165,421","441,696","Analyze"
"TMDI","Titan Medical Inc.","Canada","","CT:TMD","Toronto Stock Exchange","Yes","Health Care","$187,292,350","494,114","Analyze"
"TMNSF","Temenos Group AG","Switzerland","","SE:TEMN","Six Swiss Exchange","No","Information Technology","$12,098,328,938","0","Analyze"
"TNYBF","Tinley Beverage Company Inc.","Canada","","CF:TNY","Canadian Securities Exchange","No","Unknown","$24,800,453","10,790","Analyze"
"TPRFF","Gran Colombia Gold Corp.","Canada","","CV:GCM","TSX Venture Exchange","No","Materials","$373,490,934","86,427","Analyze"
"TRBMF","Torq Resources Inc.","Canada","","CV:TORQ","TSX Venture Exchange","No","Materials","$51,531,125","6,700","Analyze"
"TREVF","Trevali Mining Corporation","Canada","","CT:TV","Toronto Stock Exchange","No","Materials","$178,036,485","32,593","Analyze"
"TRI","Thomson Reuters Corporation","Canada","Canada","CT:TRI","Toronto Stock Exchange","Yes","Industrials","$52,153,817,765","273,402","Analyze"
"TRIL","Trillium Therapeutics Inc.","Canada","Canada","CT:TRIL","Toronto Stock Exchange","Yes","Health Care","$672,609,674","814,429","Analyze"
"TRP","TransCanada Corporation","Canada","Canada","CT:TRP","Toronto Stock Exchange","Yes","Energy","$47,305,104,076","1,108,302","Analyze"
"TRQ","Turquoise Hill Resources Ltd","Canada","Canada","CT:TRQ","Toronto Stock Exchange","Yes","Materials","$3,259,949,425","1,060,703","Analyze"
"TRSSF","TerrAscend Corp.","Canada","","CF:TER","Canadian Securities Exchange","No","Unknown","$1,555,141,495","93,983","Analyze"
"TSCDF","Tesco PLC","United Kingdom","","LN:TSCO","London Stock Exchange","No","Consumer Staples","$25,128,050,415","0","Analyze"
"TSEM","Tower Semiconductor Ltd.","Israel","","IT:TSEM","Tel Aviv Stock Exchange","Yes","Information Technology","$3,172,988,087","301,990","Analyze"
"TSRMF","Treasury Metals Inc.","Canada","","CT:TML","Toronto Stock Exchange","No","Materials","$95,036,045","78,051","Analyze"
"TTFNF","Total SA","France","France","FP:FP","Euronext Paris","Yes","Energy","$115,069,910,158","305","Analyze"
"TU","Telus Corporation","Canada","","CT:T","Toronto Stock Exchange","Yes","Communication Services","$29,904,606,921","909,423","Analyze"
"UCBJF","UCB SA","Belgium","Belgium","BB:UCB","Nyse Euronext - Euronext Brussels","Yes","Health Care","$20,498,951,297","101","Analyze"
"UFS","Domtar Corp","Canada","USA","CT:UFS","Toronto Stock Exchange","No","Materials","$2,756,458,694","548,181","Analyze"
"USAS","Americas Silver Corporation","Canada","","CT:USA","Toronto Stock Exchange","Yes","Materials","$181,007,223","796,221","Analyze"
"UUGWF","United Utilities Group PLC","United Kingdom","United Kingdom","LN:UU","London Stock Exchange","Yes","Utilities","$10,132,861,891","0","Analyze"
"UURAF","Ucore Rare Metals Inc.","Canada","","CT:UCU","Toronto Stock Exchange","No","Materials","$35,340,574","91,931","Analyze"
"UUUU","Energy Fuels Inc","Canada","Canada","CT:EFR","Toronto Stock Exchange","No","Energy","$691,809,558","2,419,471","Analyze"
"VCISF","VINCI SA","France","France","FP:DG","Euronext Paris","Yes","Industrials","$63,350,138,178","0","Analyze"
"VET","Vermilion Energy Inc.","Canada","Canada","CT:VET","Toronto Stock Exchange","Yes","Energy","$1,141,342,478","1,801,412","Analyze"
"VEXTF","Vext Science Inc.","Canada","","CF:VEXT","Canadian Securities Exchange","No","Unknown","$40,113,651","5,073","Analyze"
"VFF","Village Farms International, Inc.","Canada","","CT:VFF","Toronto Stock Exchange","No","Consumer Staples","$770,781,954","731,669","Analyze"
"VITFF","Victoria Gold Corp","Canada","","CT:VGCX","Toronto Stock Exchange","No","Materials","$920,616,385","66,532","Analyze"
"VIVEF","Vivendi SA","France","France","FP:VIV","Euronext Paris","Yes","Communication Services","$37,648,247,719","1,100","Analyze"
"VLNCF","Valens GroWorks Corp.","Canada","","CV:VLNS","TSX Venture Exchange","No","Unknown","$392,403,412","293,115","Analyze"
"VQSLF","VIQ Solutions Inc.","Canada","","CV:VQS","TSX Venture Exchange","No","Information Technology","$166,006,740","3,425","Analyze"
"VREOF","Vireo Health International Inc.","Canada","","CF:VREO","Canadian Securities Exchange","No","Unknown","$174,762,727","345,433","Analyze"
"VRNDF","Delta 9 Cannabis Inc.","Canada","","CT:DN","Toronto Stock Exchange","No","Health Care","$42,050,394","27,974","Analyze"
"VRNOF","Verano Hldgs Corp","Canada","","CF:VRNO","Canadian Securities Exchange","No","Consumer Discretionary","$1,937,302,008","138,843","Analyze"
"VRYYF","The Very Good Food Company Inc","Canada","","CF:VERY","Canadian Securities Exchange","No","Consumer Staples","$254,000,771","0","Analyze"
"VS","Versus Systems Inc.","Canada","","CF:VS","Canadian Securities Exchange","Yes","Communication Services","$50,353,390","32,898","Analyze"
"VSQTF","Victory Square Technologies Inc","Canada","","CF:VST","Canadian Securities Exchange","No","Unknown","$36,626,696","132,331","Analyze"
"VVCIF","VIVO Cannabis Inc.","Canada","","CT:VIVO","Toronto Stock Exchange","No","Health Care","$34,790,126","90,691","Analyze"
"VYGVF","Voyager Digital (Canada) Ltd.","Canada","","CF:VYGR","Canadian Securities Exchange","No","Information Technology","$1,943,666,925","2,349,822","Analyze"
"WCN","Waste Connections Inc","Canada","Canada","CT:WCN","Toronto Stock Exchange","No","Industrials","$32,901,947,711","563,605","Analyze"
"WDDMF","WeedMD Inc.","Canada","","CV:WMD","TSX Venture Exchange","No","Unknown","$56,698,907","50,984","Analyze"
"WFTSF","Wavefront Technology Solutions Inc","Canada","","CV:WEE","TSX Venture Exchange","No","Energy","$3,529,175","5,500","Analyze"
"WMLLF","Wealth Minerals Ltd.","Canada","","CV:WML","TSX Venture Exchange","No","Unknown","$70,892,466","306,095","Analyze"
"WOSCF","Ferguson Plc","United Kingdom","","LN:FERG","London Stock Exchange","No","Industrials","$27,163,870,063","0","Analyze"
"WOWMF","Wow Unlimited Media Inc.","Canada","","CV:WOW","TSX Venture Exchange","No","Unknown","$22,452,894","0","Analyze"
"WPM","Wheaton Precious Metals Corp.","Canada","Canada","CT:WPM","Toronto Stock Exchange","Yes","Materials","$20,653,953,200","1,691,353","Analyze"
"WPRT","Westport Fuel Systems Inc","Canada","","CT:WPRT","Toronto Stock Exchange","Yes","Consumer Discretionary","$623,219,748","1,505,010","Analyze"
"WRN","Western Copper And Gold Corporation","Canada","","CT:WRN","Toronto Stock Exchange","Yes","Materials","$286,094,638","387,070","Analyze"
"WSTRF","Western Uranium & Vanadium Corp.","Canada","","CF:WUC","Canadian Securities Exchange","No","Unknown","$85,490,310","23,992","Analyze"
"XEBEF","Xebec Adsorption Inc.","Canada","","CV:XBC","TSX Venture Exchange","No","Industrials","$482,114,039","14,639","Analyze"
"XIACF","Xiaomi Corp","Hong Kong","","HK:1810","Hong Kong Exchange","No","Information Technology","$68,024,177,730","0","Analyze"
"YNDX","Yandex N.V.","Russia","The Netherlands","RX:YNDX","Standard-Classica-Forts","Yes","Information Technology","$22,089,063,000","934,520","Analyze"
"YZCHF","Yanzhou Coal Mining Company Limited H Shares","China","","HK:1171","Hong Kong Exchange","No","Energy","$2,933,552,700","0","Analyze"
"ZFSVF","Zurich Insurance Group Ltd","Switzerland","","VX:ZURN","Six Swiss - Blue Chips Segment","No","Financials","$61,538,208,303","147","Analyze"
"ZOM","Zomedica Pharmaceuticals Corp.","Canada","Canada","CV:ZOM","","No","Health Care","$610,449,177","18,359,588","Analyze"